psdE,svdpE,eeE,ApEn,SpEn,FuzzyEn,PeEn,enveEn,DE,SOH
0.21001217922784,0.00128419280011305,0,0.0154735769866701,0.0194258946662198,-0.000192628106658932,-0,3.43932606880031,0.545895106684311,1
0.210022001300496,0.00156042024278164,0,0.0129843512926184,0.0168503869892787,-0.000174930330394008,-0,3.51054727770454,0.545082186053165,0.997640714526458
0.213107893705874,0.00128900116539126,0,0.0155299244920593,0.0192106169766895,-0.000202752452229983,-0,3.38765779666621,0.54705744776881,0.994944388270981
0.213109824792346,0.000824551217266045,0,-0.00698905101852798,-0.00649578899328862,-0.000223435702396305,-0,3.1001793403892,0.546787195386511,0.98685540950455
0.213115308330217,0.000789888796242032,0,-0.0075133126405964,-0.00699045671034337,-0.000223746514766954,-0,3.10163399086714,0.545985235627236,0.980788675429727
0.214667701189299,0.000817603653437757,0,-0.00762682324780739,-0.00722937679271318,-0.000226945135947776,-0,3.10429750719972,0.548235898120605,0.97809234917425
0.214653686524153,0.000703456326513885,0,-0.00747734409131739,-0.0069183810930542,-0.000228046343136479,-0,3.09986950044473,0.547023348454704,0.975396022918773
0.214648897129615,0.000798648566902317,0,-0.0067564590932121,-0.00605500336205234,-0.000228377810061791,-0,3.0997775111205,0.547712400018709,0.972699696663296
0.213114364844451,0.000708914831974121,0,-0.00787523163695925,-0.00757544386775466,-0.000222810043001897,-0,3.10030992201107,0.547426067855864,0.970003370407819
0.214660311744898,0.000826743236527288,0,-0.00771802372236641,-0.00731588740870093,-0.000227300020330894,-0,3.09639904291269,0.5475468465566,0.967644084934277
0.216177836426377,0.000700459107337371,0,-0.00725834382074364,-0.0064499391076156,-0.000233530234334053,-0,3.09894984200301,0.547594092192468,0.965284799460735
0.21769543273438,0.000709538957106902,0,-0.00741210386820068,-0.00669965817496454,-0.000238316783857468,-0,3.09532240782588,0.548166451026932,0.962925513987193
0.21466446479913,0.000832348737084171,0,-0.00737169071970856,-0.00673470907565843,-0.00022668988097891,-0,3.09857286988807,0.547962739798711,0.960903269295585
0.214664020356908,0.000778441393207975,0,-0.00771824628382189,-0.00727275932908,-0.000227625723708085,-0,3.10301584576362,0.548235898120605,0.958881024603977
0.216189421748834,0.000823391612411779,0,-0.00751618402058529,-0.00693231898629287,-0.000231963448541825,-0,3.10150086100072,0.547594092192468,0.956858779912369
0.216173389121702,0.000744405097271732,0,-0.00688987355794524,-0.00657336511758233,-0.00023296297695684,-0,3.0988834161003,0.548499914058332,0.955173576002696
0.216172831266341,0.000618548214516594,0,-0.00711234258761362,-0.00659781888162891,-0.000233930797566541,-0,3.09778355535418,0.547594092192468,0.953488372093023
0.21770346787264,0.000653287724499604,0,-0.00731386369510423,-0.00654895249533594,-0.000237676548723102,-0,3.09708251452682,0.548166451026932,0.951466127401416
0.21617356917599,0.000852152436275038,0,-0.00451985081709338,-0.00350184117650088,-0.000233654568853282,-0,3.10754685425306,0.547594092192468,0.949780923491742
0.21770133416458,0.000788630964813545,0,-0.00718586737206639,-0.00644687183621429,-0.000237957795876393,-0,3.10154420122099,0.548445612828428,0.948432760364004
0.217693489165272,0.000794240458278406,0,-0.00729135416447768,-0.00644687183621429,-0.000238772443068077,-0,3.10013273662432,0.548166451026932,0.946747556454331
0.217704571223949,0.000831754219070601,0,-0.0073465416032743,-0.00654895249533594,-0.000237331542145529,-0,3.09708993414086,0.547580121889325,0.945399393326593
0.219192446688455,0.000824226264147969,0,-0.00949553204984044,-0.00959177317218574,-0.000244652399872119,-0,3.09885414771437,0.549883110885083,0.943714189416919
0.217698711933215,0.000763820985142817,0,-0.00718883845998519,-0.0064725145056177,-0.000237299820239527,-0,3.10189192411946,0.548166451026932,0.942366026289181
0.217703260855749,0.000774316268058034,0,-0.00754278944204234,-0.00689621692332132,-0.000237964223778679,-0,3.09851497866526,0.547580121889325,0.941017863161442
0.216184073068116,0.000779977370323203,0,-0.00752223320032996,-0.00693231898629287,-0.000232457546497554,-0,3.10140250602399,0.548499914058332,0.939332659251769
0.216177619411529,0.000703065176369317,0,-0.0077785641156578,-0.00740805099956932,-0.000232419155439456,-0,3.09892417681105,0.547594092192468,0.938321536905966
0.217697270034858,0.000816344421051117,0,-0.00912481303336632,-0.00918362373337622,-0.000238683202627478,-0,3.10010037239295,0.548166451026932,0.936973373778227
0.217704623223408,0.000835192755231869,0,-0.00461804510922104,-0.00360437154767546,-0.000236238187876247,-0,3.10546418966355,0.548166451026932,0.935625210650489
0.21769536065439,0.000812812422189907,0,-0.00687610590829246,-0.00621233498027829,-0.000237204493698366,-0,3.1011376174807,0.548166451026932,0.934614088304685
0.217695582183075,0.000642334226670966,0,-0.00675851166472041,-0.00623873309017542,-0.000238535421973593,-0,3.09564543528916,0.548166451026932,0.933265925176946
0.216181830400253,0.000759860258673792,0,-0.00770816560198906,-0.00725279732584472,-0.00023304014844496,-0,3.10007907973008,0.547601008753216,0.932254802831143
0.219198536780974,0.000749986775169985,0,-0.00670642113118891,-0.00577869276378262,-0.000243517245494426,-0,3.1011618025158,0.549334356602653,0.930906639703404
0.217707222123504,0.00079746614537461,0,-0.00759820938826339,-0.00694459352550325,-0.000238183126130624,-0,3.10045707406899,0.548166451026932,0.9298955173576
0.21769738230584,0.000734882583606951,0,-0.00706561150912677,-0.00626504562520536,-0.00023604444211391,-0,3.09676810094158,0.548166451026932,0.928884395011796
0.219200374789315,0.000756233347430973,0,-0.0067607394137732,-0.00563381771825577,-0.000241876617571726,-0,3.09347126179337,0.549334356602653,0.927873272665993
0.217710276879093,0.000867820867244994,0,-0.00740172904207048,-0.00664974091281634,-0.000237885177919276,-0,3.10015600048625,0.547250675074631,0.926862150320189
0.219196262557669,0.000712042179896379,0,-0.00717292438795303,-0.00636127361335026,-0.000242761985338906,-0,3.09855423394015,0.548482828257514,0.925851027974385
0.220656932970955,0.000692373188122696,0,-0.00941436106235116,-0.00956649789255781,-0.000249871689865725,-0,3.09999737099217,0.550563346330567,0.924839905628581
0.217703268776945,0.00079394528434511,0,-0.00761646634016078,-0.0071586208790162,-0.000237163204327044,-0,3.09964047256895,0.548445612828428,0.923828783282777
0.217712531810265,0.000816954135711551,0,-0.00736482150783679,-0.00672449888391968,-0.000236274938776908,-0,3.09990614444298,0.546664345937023,0.923154701718908
0.219201029193338,0.000679416229602686,0,-0.00711246940189225,-0.00625341387405109,-0.000242127264551684,-0,3.09296196307211,0.548482828257514,0.922143579373104
0.217713591981829,0.000791178983855906,0,-0.00759797688083852,-0.0069926705641592,-0.000235890090344855,-0,3.09796471145229,0.548166451026932,0.9211324570273
0.219199119353642,0.000773848868264576,0,-0.00749960185479059,-0.00688005883753195,-0.000242272327662421,-0,3.09697037919943,0.550053446814223,0.920458375463431
0.217707203460825,0.00079902596302199,0,-0.00726167574046954,-0.00652355444438069,-0.000236805200782467,-0,3.09947700216915,0.548445612828428,0.919447253117627
0.219209070832061,0.000806588926705765,0,-0.00718836045515259,-0.00636127361335026,-0.000241830991193868,-0,3.1004315795741,0.548408405361993,0.918773171553758
0.217709128869516,0.00065773451722091,0,-0.0075252351427979,-0.0069686693160933,-0.000236850705565224,-0,3.09664120515666,0.548166451026932,0.917762049207954
0.219213095816512,0.000897781860559275,0,-0.00740527813738945,-0.00665073435002306,-0.000240925883347304,-0,3.10802547782135,0.549334356602653,0.917087967644085
0.220671801593456,0.000695417512281293,0,-0.00625500830138659,-0.00621060109558913,-0.000248698958471618,-0,3.09601516179495,0.550563346330567,0.916413886080216
0.219192668183079,0.000859761278694165,0,-0.00733392282477485,-0.00685490192126581,-0.000243042467858829,-0,3.0963556017744,0.548578741291133,0.915739804516347
0.217704644916175,0.000804552770118295,0,-0.00723690896507945,-0.00674926147260191,-0.000237786998531377,-0,3.09914021163215,0.548166451026932,0.915065722952477
0.217694842196753,0.000745041904884235,0,-0.00723690896507945,-0.00674926147260191,-0.000239695693090276,-0,3.09930186262985,0.548166451026932,0.914391641388608
0.219206124174581,0.000796781728417517,0,-0.00672861997466301,-0.00603337250538605,-0.000241405648167728,-0,3.10354853347528,0.548408405361993,0.913380519042804
0.219205672959393,0.000835110012618775,0,-0.00702017197798233,-0.00633444130187977,-0.000242860751779372,-0,3.10308288013421,0.547859651079563,0.912706437478935
0.219209742454381,0.00082136863397407,0,-0.00674174825512264,-0.00569206392498822,-0.000241282323050842,-0,3.10406265294221,0.547859651079563,0.912032355915066
0.21920710277884,0.000739304446572919,0,-0.0076059360399503,-0.0070046566980988,-0.000242325583260331,-0,3.0989271281984,0.547859651079563,0.911358274351197
0.21920089003167,0.000743709846948754,0,-0.00770053675861115,-0.0070539489841126,-0.000243471782626269,-0,3.09907302875596,0.547859651079563,0.910684192787327
0.220663941671842,0.000714317970973102,0,-0.00699338177400444,-0.00618239990831748,-0.00024839823982361,-0,3.09166425016409,0.549799240959367,0.910010111223458
0.219205859956386,0.000764473938195049,0,-0.00707303506502521,-0.00600545334809599,-0.000242893775463303,-0,3.09886703556655,0.547859651079563,0.909673070441523
0.220668256655023,0.000784708976734676,0,-0.00748469346721548,-0.00664928537880893,-0.000249454292839408,-0,3.09549488724199,0.549199735886083,0.908998988877654
0.220670692947249,0.000782382417419274,0,-0.00691738455198809,-0.00589508486539847,-0.000248137568765441,-0,3.09605941608538,0.548786635982093,0.908324907313785
0.219208670335287,0.000766148831670388,0,-0.00685917354115961,-0.00580737358921857,-0.000241427188388363,-0,3.10099252947651,0.547859651079563,0.907650825749916
0.220670634412192,0.000773000059196482,0,-0.00730893266926635,-0.00651468102119335,-0.000248206025446374,-0,3.10158602504663,0.549199735886083,0.906976744186046
0.220669790028795,0.000699571505980877,0,-0.00722590477136897,-0.00626672049523869,-0.000249808385544645,-0,3.10163234849651,0.547295360734025,0.906639703404112
0.217714533555734,0.000816266219281243,0,-0.00726855076786537,-0.0065742697842599,-0.000235979934698917,-0,3.10175403043846,0.546664345937023,0.905965621840243
0.219210306317307,0.000892000050406224,0,-0.0070772812009694,-0.00619894912634544,-0.000241799601729456,-0,3.1018374937133,0.547859651079563,0.905291540276373
0.219202660343065,0.000583818266904332,0,-0.00740547660075297,-0.00672790973111503,-0.000243207131613123,-0,3.09581403081449,0.547859651079563,0.904954499494439
0.22067569384676,0.000825864811450236,0,-0.00916852888437525,-0.009196196092363,-0.000247866831833502,-0,3.09734294287207,0.549341556042977,0.90428041793057
0.219208162590752,0.000928726657994,0,-0.00753528581281859,-0.00693013420096467,-0.00024220220627807,-0,3.10080008843479,0.547859651079563,0.9036063363667
0.219211294420222,0.000652284874761642,0,-0.00760617377226147,-0.00695505340046187,-0.000242191408741857,-0,3.09512268592142,0.547859651079563,0.903269295584766
0.219209786262661,0.000893860635635305,0,-0.00945601917507677,-0.00961330899972745,-0.000242700185092523,-0,3.10357313042743,0.548408405361993,0.902595214020896
0.220665959901876,0.000646810439254498,0,-0.00924357825425615,-0.00929067386653681,-0.00024947338321515,-0,3.09548432301523,0.550563346330567,0.902258173238962
0.219210023058733,0.00065105462185162,0,-0.00724353333753536,-0.00646773020577562,-0.000241973527662242,-0,3.0979747548789,0.547859651079563,0.901921132457027
0.21920699749799,0.000900410102081496,0,-0.00758238871308636,-0.00697989410941702,-0.000242340715403933,-0,3.10295287831835,0.547859651079563,0.901247050893158
0.2206632991037,0.00063921580057545,0,-0.00732215307613115,-0.00651468102119335,-0.00024910630021164,-0,3.09575389115323,0.549799240959367,0.900910010111223
0.219218464288435,0.000777138970386875,0,-0.00716204008452781,-0.00652044085070269,-0.000238399694354787,-0,3.10018378868314,0.549334356602653,0.900235928547354
0.219217173002586,0.000812473978091123,0,-0.00766386884032721,-0.00712731063507599,-0.000241253634809471,-0,3.10302226583265,0.547859651079563,0.89989888776542
0.220678143294757,0.000994011038479787,0,-0.00748445033189737,-0.00670251324999915,-0.000247971926303972,-0,3.10839135076255,0.546981290761146,0.89922480620155
0.220673876630152,0.00070593362405085,0,-0.00939888919964948,-0.00947579905797591,-0.000248583015238557,-0,3.10021872992153,0.550563346330567,0.898887765419616
0.220679789381824,0.000840662361978883,0,-0.0069316023623025,-0.00601118169028103,-0.000246197171530008,-0,3.09499726846895,0.548786635982093,0.898213683855747
0.220675240889025,0.000760614148849377,0,-0.00673444749781238,-0.00565806187305906,-0.000246197494775852,-0,3.09266058212475,0.548786635982093,0.897202561509943
0.220678672327703,0.00078608246915479,0,-0.00718272442278645,-0.00621060109558913,-0.000247468221214237,-0,3.09558636690649,0.548786635982093,0.897202561509943
0.220672971072347,0.000724375654456213,0,-0.00754216038344779,-0.0068079353734567,-0.00024810023034579,-0,3.09461597059428,0.549799240959367,0.897202561509943
0.220661045448881,0.000661296561514186,0,-0.00625500830138659,-0.00621060109558913,-0.000250041295652262,-0,3.09486543032697,0.549799240959367,0.895854398382204
0.219194980638424,0.000764816010003803,0,-0.0073025477400952,-0.00680434772083283,-0.000243650180564374,-0,3.09470139497732,0.547859651079563,0.896191439164139
0.219207177289175,0.000837590258791177,0,-0.00702017197798233,-0.00633444130187977,-0.000242830348296504,-0,3.09662053549423,0.547859651079563,0.895854398382204
0.219207176533279,0.000837610350977059,0,-0.00702017197798233,-0.00633444130187977,-0.000242830352171679,-0,3.09662113133536,0.547859651079563,0.89551735760027
0.220679297085915,0.000805585862791768,0,-0.00671785833911276,-0.00559777551282981,-0.000246246892815191,-0,3.10162504471093,0.548786635982093,0.894506235254466
0.219214592630954,0.000821479079995256,0,-0.00791968688674327,-0.00748405343443892,-0.000241572353633034,-0,3.10253072372908,0.547859651079563,0.894169194472531
0.220681659594163,0.000825659363531919,0,-0.00712317404899121,-0.00609722466019313,-0.000247794882091475,-0,3.10335230240541,0.547295360734025,0.893832153690597
0.220688741940756,0.000966861567111032,0,-0.00777300058965036,-0.00721632054760457,-0.00024616746949067,-0,3.10483479101186,0.547295360734025,0.893158072126727
0.220672463783333,0.000761520579982063,0,-0.00679173521428211,-0.00586581214610726,-0.000248773910026245,-0,3.10245589986083,0.549341556042977,0.893495112908662
0.220672487017679,0.000745238049754582,0,-0.00681443857692532,-0.00612571217269364,-0.000247467027875075,-0,3.10121889040158,0.549799240959367,0.893158072126727
0.220677268381541,0.000825497066406368,0,-0.00753385380318372,-0.0068079353734567,-0.000248641953176914,-0,3.10168091118397,0.546981290761146,0.891809908998989
0.220676478963096,0.000764377671841147,0,-0.00667250022614851,-0.00559777551282981,-0.00024705322405516,-0,3.09676456312019,0.549341556042977,0.891809908998989
0.220663947183319,0.000714486810271858,0,-0.00699338177400444,-0.00618239990831748,-0.000248397415149406,-0,3.09169600870825,0.549799240959367,0.891809908998989
0.220674485978042,0.000789647760418761,0,-0.00720826140262076,-0.00635019922073443,-0.000247772643595256,-0,3.09413821542241,0.549199735886083,0.891472868217054
0.219212794241279,0.000891507491063055,0,-0.00717292438795303,-0.00636127361335026,-0.000239778089702748,-0,3.09646299491338,0.548408405361993,0.89113582743512
0.219212239107977,0.000891683668676031,0,-0.00776225296883792,-0.00741401610451309,-0.000240644824954797,-0,3.10103391660426,0.547859651079563,0.89046174587125
0.220679132380896,0.000791565958513275,0,-0.00698805112140999,-0.00595333107213047,-0.000247325818474581,-0,3.09823645834805,0.549341556042977,0.890124705089316
0.220672587842548,0.000782296509108242,0,-0.00720826140262076,-0.00635019922073443,-0.000247966477498516,-0,3.09583834391659,0.549199735886083,0.889787664307381
0.22212473884252,0.000816855064597106,0,-0.00700482228471122,-0.00598527565560669,-0.000252407040623093,-0,3.10063603794268,0.549574888595706,0.889450623525446
0.22212308873076,0.000885096990757134,0,-0.0070487711139462,-0.00604473328314636,-0.000253195224809271,-0,3.10190243025727,0.549574888595706,0.889113582743512
0.222106801684499,0.000767456261404745,0,-0.00946733802101418,-0.00960477299594009,-0.000255887464550629,-0,3.09918890808633,0.549741359351553,0.888776541961577
0.220679950850396,0.000808993384869457,0,-0.00754240351876634,-0.00675539546281545,-0.000247405246490006,-0,3.10217364473508,0.549199735886083,0.888439501179643
0.220676263304271,0.000748353049322888,0,-0.00694508990631615,-0.00589508486539847,-0.000246826736809285,-0,3.1003578880888,0.549799240959367,0.888102460397708
0.222130279442657,0.000915331263083132,0,-0.00732043492292744,-0.00636456859976153,-0.000252530483153,-0,3.10537398641908,0.550347676982489,0.887765419615773
0.222123111833477,0.000822493363527757,0,-0.00917190569936732,-0.00917212228252851,-0.000253554778662133,-0,3.10094524389264,0.549112002714357,0.887428378833839
0.219215398776989,0.000796636737326525,0,-0.00735916120597846,-0.00667654206704826,-0.000240508467988152,-0,3.09848642827111,0.549334356602653,0.887091338051904
0.219207838275884,0.000816158123974963,0,-0.00778197761690436,-0.00731962572471101,-0.000241932925101339,-0,3.09992517854182,0.547859651079563,0.88675429726997
0.220678459972599,0.000642285212395714,0,-0.007146432439606,-0.00623870779988334,-0.000247302344002388,-0,3.09259623582537,0.548786635982093,0.886417256488035
0.220680404891046,0.000790751805866829,0,-0.00709957144653472,-0.00618239990831748,-0.000247191210042038,-0,3.094663000183,0.549341556042977,0.8860802157061
0.220663387007691,0.000916750906094707,0,-0.0095323716473259,-0.00970028610601625,-0.000249995395239879,-0,3.09914736182039,0.548472566009215,0.885743174924166
0.219210644524651,0.00065469325016901,0,-0.00760617377226147,-0.00695505340046187,-0.000242372793820331,-0,3.09527660059191,0.547859651079563,0.885743174924166
0.219212471163822,0.000654958959989363,0,-0.00746190420671322,-0.00682966500975768,-0.000241585249464356,-0,3.09509616461519,0.547859651079563,0.885406134142231
0.219212638720625,0.000743503795489354,0,-0.00750391072813938,-0.00688005883753195,-0.000242321154190447,-0,3.09977072169917,0.547859651079563,0.885069093360296
0.220671473309771,0.00088414918996625,0,-0.0044422622286584,-0.00312131500797319,-0.000247586365066204,-0,3.10498439280091,0.548307965711298,0.884732052578362
0.220677909031318,0.000912243926739008,0,-0.00440186749360727,-0.00305530332388138,-0.000246840598561559,-0,3.11109087322101,0.549963841257283,0.884395011796427
0.21921002716624,0.000651131363139502,0,-0.00724353333753536,-0.00646773020577562,-0.000241972374632934,-0,3.09801325854291,0.547859651079563,0.884057971014493
0.220665965656763,0.000646913128401785,0,-0.00924357825425615,-0.00929067386653681,-0.000249472523051145,-0,3.09552002093934,0.550563346330567,0.883720930232558
0.220680787823884,0.000877813628907597,0,-0.00725485320429353,-0.00640539020916364,-0.000246704531936702,-0,3.10221412668308,0.549027486070098,0.883383889450624
0.220680785878413,0.000877787886168447,0,-0.00725485320429353,-0.00640539020916364,-0.000246704876822187,-0,3.10221531329325,0.549027486070098,0.883046848668689
0.220669772221278,0.000897312940207835,0,-0.00722276504950781,-0.00635019922073399,-0.0002477315745586,-0,3.10427443011114,0.548786635982093,0.882709807886754
0.220674370006562,0.000697305354010742,0,-0.00720695621501966,-0.00651468102119379,-0.000246419003574075,-0,3.09640430484659,0.549799240959367,0.88237276710482
0.21922003751226,0.000740172687875768,0,-0.00759806452119705,-0.007029341534452,-0.000241025369844341,-0,3.09967678742254,0.547859651079563,0.88237276710482
0.220680196392541,0.000932921242451811,0,-0.00685062628404376,-0.00589508486539847,-0.000245473482709765,-0,3.1048192609386,0.548786635982093,0.882035726322885
0.22068542722826,0.000841235052634796,0,-0.00687624818080801,-0.00595333107213092,-0.000245516665008721,-0,3.10103851808751,0.548786635982093,0.882035726322885
0.222114119524256,0.000911718910443921,0,-0.00892991552175681,-0.00891969901786016,-0.000253308447574278,-0,3.10410166583272,0.549741359351553,0.88169868554095
0.220674613040262,0.000735198467058789,0,-0.00764929340357368,-0.00704021681702072,-0.000248159440965713,-0,3.09651047613001,0.549799240959367,0.881361644759016
0.220674612778645,0.000735204483206824,0,-0.00764929340357368,-0.00704021681702072,-0.000248159677649494,-0,3.09651099213165,0.549799240959367,0.881024603977081
0.220681631515865,0.000923189767405719,0,-0.00732841185571775,-0.00651468102119335,-0.000246857284073896,-0,3.10449926831291,0.548786635982093,0.881024603977081
0.222114260763973,0.000822496679434197,0,-0.00781126727921233,-0.00717934543673504,-0.000255848279562681,-0,3.10086702960317,0.547460349407066,0.880687563195147
0.222115481182334,0.000821314234493862,0,-0.0078475305676915,-0.00723087814842316,-0.000255489620518504,-0,3.10061051002577,0.547460349407066,0.880350522413212
0.220692406899545,0.000880756473202391,0,-0.00778903913537743,-0.00721632054760457,-0.000245258410881604,-0,3.10291791858911,0.546981290761146,0.880013481631277
0.220691894974613,0.000825952885093775,0,-0.00775718764666022,-0.00716640328545592,-0.000246529985709663,-0,3.10231807709042,0.546981290761146,0.880013481631277
0.22213684547308,0.000860380754412394,0,-0.00694421488469565,-0.00598527565560714,-0.000250811329579953,-0,3.09948824651341,0.548505685083422,0.879676440849343
0.220672789503602,0.000727658534845527,0,-0.00764593317523987,-0.00704021681702072,-0.000248376155502958,-0,3.1003204404755,0.549799240959367,0.879339400067408
0.222124143441488,0.000716253099928015,0,-0.00698365560584291,-0.00604473328314636,-0.000252108240347583,-0,3.09653159699172,0.549574888595706,0.879002359285474
0.222122248555967,0.000795101930293905,0,-0.00957487276241409,-0.00962803110866206,-0.000254796199124267,-0,3.09958007010977,0.550347676982489,0.879002359285474
0.222124120211133,0.000800345671988939,0,-0.00957487276241409,-0.00962803110866206,-0.000254207639554901,-0,3.09976973866412,0.550347676982489,0.878665318503539
0.222118156048342,0.000735463392288352,0,-0.00757830915193081,-0.00680912295524205,-0.000254317571464853,-0,3.09977615910431,0.548968570964771,0.878328277721604
0.2221199063593,0.000767573556172061,0,-0.00867843202934493,-0.00849644658114634,-0.000253044812788284,-0,3.09660956622322,0.550347676982489,0.87799123693967
0.22068485247187,0.000823944114837153,0,-0.00778567890704318,-0.00721632054760457,-0.000247538622070614,-0,3.09810617988571,0.547295360734025,0.877654196157735
0.220684850547618,0.000823941595303981,0,-0.00778567890704318,-0.00721632054760457,-0.00024753901624206,-0,3.09810838667076,0.547295360734025,0.877654196157735
0.220684849824767,0.000823931096408247,0,-0.00778567890704318,-0.00721632054760457,-0.000247538984853171,-0,3.0981080806125,0.547295360734025,0.8773171553758
0.222130024616579,0.000817798998868036,0,-0.00705880766238653,-0.00616242880496776,-0.000251917089454008,-0,3.09541296614989,0.549574888595706,0.876980114593866
0.222133114765144,0.000981323508087528,0,-0.00796560400649593,-0.00743374722502477,-0.000252371228797761,-0,3.10157241414474,0.547777988356909,0.876643073811931
0.222128986800848,0.000892279095115418,0,-0.00627293248921834,-0.0061916016100807,-0.000252939955009631,-0,3.09467536562451,0.550347676982489,0.876643073811931
0.223514648524712,0.000751239319204625,0,-0.00600009914918509,-0.00589335592408702,-0.000259798815253179,-0,3.0993019635182,0.550907386159723,0.876306033029997
0.223514637905139,0.000750980146948544,0,-0.00600009914918509,-0.00589335592408702,-0.000259800228892894,-0,3.09921175534571,0.550907386159723,0.875968992248062
0.223508105258833,0.000722030261673919,0,-0.00593292074012819,-0.00576804107035356,-0.000260528554178297,-0,3.09949134506066,0.550907386159723,0.875631951466127
0.222126226523385,0.000813364064164572,0,-0.00748456399050967,-0.00664518449737184,-0.000253146628517496,-0,3.09777612885942,0.548968570964771,0.875631951466127
0.222120660386699,0.000843228073802535,0,-0.00957487276241409,-0.00962803110866206,-0.000255162260138034,-0,3.10220232983862,0.549741359351553,0.875294910684193
0.22068092319925,0.00077643071063991,0,-0.00707114381520979,-0.00656878801237148,-0.000246683878045796,-0,3.10239219628824,0.549341556042977,0.874957869902258
0.22212893251409,0.000841943289136638,0,-0.00663623213974462,-0.00583481871760316,-0.000252913421728676,-0,3.10497715221909,0.550347676982489,0.874620829120324
0.222128931115968,0.000841942640322061,0,-0.00663623213974462,-0.00583481871760316,-0.000252913548865265,-0,3.10497854444368,0.550347676982489,0.874620829120324
0.222119421272829,0.000748360221205999,0,-0.00714182629061177,-0.00642144770040476,-0.000254990466519418,-0,3.10224301235307,0.549741359351553,0.874283788338389
0.222125816136395,0.00077831152728038,0,-0.00681509063667729,-0.00604473328314636,-0.000253136417043474,-0,3.10191675470242,0.549741359351553,0.873946747556454
0.222127612991711,0.000824290437943295,0,-0.00714670532085648,-0.00627852562984987,-0.00025272302410094,-0,3.10217347793488,0.549574888595706,0.873946747556454
0.222127611453629,0.000824258891990472,0,-0.00714670532085648,-0.00627852562984987,-0.000252723250742295,-0,3.10217455033885,0.549574888595706,0.87360970677452
0.222127116321488,0.000840811378440119,0,-0.00793089556447679,-0.00738351300797735,-0.0002533589960958,-0,3.10322573942971,0.549574888595706,0.873272665992585
0.222130367164322,0.000871919074858212,0,-0.0065524841285467,-0.00555728506486641,-0.000251930309358608,-0,3.10359214689552,0.550347676982489,0.873272665992585
0.222124164018627,0.00077974125804626,0,-0.00659643295778167,-0.00561972067816052,-0.000253266705830878,-0,3.09764925875183,0.548505685083422,0.87293562521065
0.222124163956636,0.000779728529681319,0,-0.00659643295778167,-0.00561972067816052,-0.00025326669789577,-0,3.09764975186388,0.548505685083422,0.872598584428716
0.222131270304049,0.0008090954604268,0,-0.00692143273432988,-0.0058651194523982,-0.000252387152733287,-0,3.09732252718434,0.548505685083422,0.870576339737108
0.222130797524248,0.00083120334308477,0,-0.00685127299920918,-0.00574327967155908,-0.000251783298649514,-0,3.09577683285113,0.549574888595706,0.862487360970677
0.214599240181464,0.000701501956800708,0,-0.00905719224608736,-0.0091991800723763,-0.000231319283567699,-0,3.09368588078901,0.548608481864509,0.865183687226154
0.214621701966365,0.000871320714806016,0,-0.00718110191059829,-0.0064506443922201,-0.000229628374778694,-0,3.10616654742881,0.548055793091505,0.865520728008089
0.214626163808679,0.000778061772060219,0,-0.00718110191059829,-0.0064506443922201,-0.000229659764006644,-0,3.1024451925304,0.547712400018709,0.865857768790024
0.214630483875451,0.000759943981082655,0,-0.00925911341578933,-0.00938031488245361,-0.000229256743039312,-0,3.09505072244175,0.549131979966405,0.865857768790024
0.214632046332199,0.000827293799544363,0,-0.00718921428219454,-0.0064506443922201,-0.00023070620470074,-0,3.10292721628594,0.548235898120605,0.866194809571958
0.214632757064354,0.000622494085177346,0,-0.00931027523341399,-0.00955638672021841,-0.000229731196904738,-0,3.0943678015489,0.548235898120605,0.866194809571958
0.214641014742724,0.000733011998843898,0,-0.00723042310679212,-0.00666467174573304,-0.00022856818575486,-0,3.09905834024758,0.548235898120605,0.866194809571958
0.216154042506294,0.00080740422609755,0,-0.00729246237323666,-0.00654883469126633,-0.000235679629323771,-0,3.10932101636455,0.548499914058332,0.866194809571958
0.216168571857218,0.00080220431735967,0,-0.00759264683128835,-0.00702527587527868,-0.000233676487663995,-0,3.10435887861046,0.547870219626556,0.866194809571958
0.217681419085393,0.000809579340169053,0,-0.00705148441883985,-0.00626504562520536,-0.000239298228382691,-0,3.10579475668365,0.548166451026932,0.866194809571958
0.21768771244252,0.000669362397246773,0,-0.00702079889646123,-0.00621233498027829,-0.000239316653827761,-0,3.10006357464889,0.548166451026932,0.866194809571958
0.217682303377661,0.000622304159770942,0,-0.00907282413938582,-0.00918362373337622,-0.000240284110674992,-0,3.09847532049812,0.548166451026932,0.865857768790024
0.216167056705915,0.000729923080642463,0,-0.00959401365005652,-0.0097812966613442,-0.000234410116783558,-0,3.10070502079206,0.548499914058332,0.865857768790024
0.217694939697431,0.000887718339218444,0,-0.00732623090702633,-0.00654895249533549,-0.000239109526125188,-0,3.1044217778331,0.547601615247928,0.865857768790024
0.217691801988974,0.000668450223996421,0,-0.00694903007290826,-0.00610587838785337,-0.000238927301924666,-0,3.09779785780289,0.548166451026932,0.865857768790024
0.217698009772473,0.000884000186716913,0,-0.00725588529669396,-0.00662466361203462,-0.000237617766244992,-0,3.10162302835637,0.548445612828428,0.865183687226154
0.217691674627217,0.000811173640174684,0,-0.00968511137373751,-0.00987426401573721,-0.000238684173009469,-0,3.10249149657243,0.548445612828428,0.865183687226154
0.217698007740447,0.000883980528359836,0,-0.00725588529669396,-0.00662466361203462,-0.000237617998813479,-0,3.10162236242529,0.548445612828428,0.865183687226154
0.219186570997237,0.00094384322694619,0,-0.00910985479248394,-0.00921453191083277,-0.000242771110706649,-0,3.10580707753363,0.548408405361993,0.86484664644422
0.21918531161156,0.000833534297760709,0,-0.0093922305545977,-0.00961330899972745,-0.000244889454307542,-0,3.1031366129369,0.548408405361993,0.86484664644422
0.217698785808387,0.000923133963046223,0,-0.00937825614995136,-0.00946454233905802,-0.000238008239297461,-0,3.10473135461981,0.548709175042522,0.864509605662285
0.219192439179311,0.000931924337943901,0,-0.00910985479248394,-0.00921453191083277,-0.000244200247303409,-0,3.10388832229899,0.548408405361993,0.864509605662285
0.219192439179311,0.000931924337942029,0,-0.00910985479248394,-0.00921453191083277,-0.000244200247303631,-0,3.10388832229947,0.548408405361993,0.864172564880351
0.219195680656272,0.000854490335430359,0,-0.00910985479248394,-0.00921453191083277,-0.000243457844315862,-0,3.10131178155946,0.549883110885083,0.864172564880351
0.219192441113837,0.000931941710505393,0,-0.00910985479248394,-0.00921453191083277,-0.000244200025052659,-0,3.10388903635289,0.548408405361993,0.864172564880351
0.219187751605404,0.000916415930567922,0,-0.00946415696516123,-0.00954848863314606,-0.000244714766155267,-0,3.1091619915406,0.548578741291133,0.863835524098416
0.219195008782317,0.000963099600112313,0,-0.00707877566545889,-0.00625341387405065,-0.000243530994209673,-0,3.1091363755632,0.548578741291133,0.863498483316481
0.21919387359799,0.000773781341674244,0,-0.00946415696516123,-0.00954848863314606,-0.000244753272061487,-0,3.10234154053952,0.548408405361993,0.863498483316481
0.219193875656427,0.000773810293514388,0,-0.00946415696516123,-0.00954848863314606,-0.000244752991552169,-0,3.10234001170553,0.548408405361993,0.863498483316481
0.219193874328019,0.000773795771010702,0,-0.00946415696516123,-0.00954848863314606,-0.00024475312429261,-0,3.10234074478131,0.548408405361993,0.863161442534547
0.21919387359799,0.000773781341669677,0,-0.00946415696516123,-0.00954848863314606,-0.000244753272061709,-0,3.10234154053692,0.548408405361993,0.862824401752612
0.219193875068465,0.000773806576897007,0,-0.00946415696516123,-0.00954848863314606,-0.00024475305475387,-0,3.10234030310206,0.548408405361993,0.862824401752612
0.219199749009574,0.000785199298670502,0,-0.00946415696516123,-0.00954848863314606,-0.000244994623385543,-0,3.10113147124296,0.548408405361993,0.862487360970677
0.220670641107159,0.000764569082287274,0,-0.00958365560228014,-0.00967817358645906,-0.000249259196414383,-0,3.10154085856862,0.549341556042977,0.862487360970677
0.22067064272611,0.0007645798651958,0,-0.00958365560228014,-0.00967817358645906,-0.000249259032480404,-0,3.10154271019655,0.549341556042977,0.862150320188743
0.219208322135412,0.000833494006899761,0,-0.00706182166531466,-0.00625341387405109,-0.000241310424062081,-0,3.10277278408421,0.547859651079563,0.862150320188743
0.220670641107159,0.000764569082287274,0,-0.00958365560228014,-0.00967817358645906,-0.000249259196414383,-0,3.10154085856862,0.549341556042977,0.866531850353893
0.22066270476779,0.00076240658159344,0,-0.00926277405442377,-0.00921993750094208,-0.000250319778112921,-0,3.09931845416773,0.549341556042977,0.859791034715201
0.22065558711223,0.000836047977623866,0,-0.00955156744749441,-0.00963372704314303,-0.000250998559650143,-0,3.09559420261865,0.549341556042977,0.859791034715201
0.220664971631353,0.00080740724037331,0,-0.0075211644224602,-0.00675539546281501,-0.000249628533083149,-0,3.09337959131837,0.549799240959367,0.859791034715201
0.219195336968088,0.000832331465946386,0,-0.00946415696516123,-0.00954848863314606,-0.000244406528603712,-0,3.09685411320483,0.549883110885083,0.859453993933266
0.220658848771457,0.000755525421614935,0,-0.00745698811288875,-0.00664928537880893,-0.000250346200419546,-0,3.09112805888647,0.549799240959367,0.859453993933266
0.220664970182641,0.000807381200951132,0,-0.0075211644224602,-0.00675539546281501,-0.000249628759195649,-0,3.09338023964878,0.549799240959367,0.859453993933266
0.219195956858781,0.000809169622380273,0,-0.00731155843794573,-0.00659886914767194,-0.000243450230553939,-0,3.09810774097596,0.548408405361993,0.859116953151331
0.22066497261973,0.000807401478320325,0,-0.0075211644224602,-0.00675539546281501,-0.00024962848803793,-0,3.09338069914663,0.549799240959367,0.859116953151331
0.220664994380377,0.000807303326867975,0,-0.0075211644224602,-0.00675539546281501,-0.00024962867465238,-0,3.09341387646804,0.549799240959367,0.859116953151331
0.220661711580468,0.000771583265894677,0,-0.00930722353768543,-0.00942998843906606,-0.000250279856348098,-0,3.09761570033356,0.550848781430973,0.858779912369397
0.220664969865531,0.000807396877487078,0,-0.0075211644224602,-0.00675539546281501,-0.000249628854454135,-0,3.09338098528253,0.549799240959367,0.858779912369397
0.220670253862003,0.00080645141547508,0,-0.00720177114277076,-0.0064053902091632,-0.00024788874426376,-0,3.09260341329513,0.550084676059772,0.858442871587462
0.220664128507499,0.000776292961646805,0,-0.00713759483319976,-0.00629463965252874,-0.000248608951178545,-0,3.09053618871252,0.549799240959367,0.858442871587462
0.220670253118295,0.000806445252665741,0,-0.00720177114277076,-0.0064053902091632,-0.000247888817472803,-0,3.0926033888412,0.550084676059772,0.858105830805527
0.220664129221531,0.000776273319967235,0,-0.00713759483319976,-0.00629463965252874,-0.000248608945621719,-0,3.09053573482427,0.549799240959367,0.858105830805527
0.219200530151546,0.000839186188394162,0,-0.0091518613139101,-0.00926003402668885,-0.00024264462253743,-0,3.09610415238535,0.549883110885083,0.857768790023593
0.222110189382617,0.000877701811680021,0,-0.00890712625668089,-0.00897090491679098,-0.000255091437298708,-0,3.09695652638642,0.549741359351553,0.857768790023593
0.220671865290186,0.000871720561999495,0,-0.00958365560228014,-0.00967817358645906,-0.000248259639903887,-0,3.09688178704961,0.549027486070098,0.857431749241658
0.220677865057899,0.000825726938860387,0,-0.00723826609984446,-0.00646021627348814,-0.000247459499798175,-0,3.09831879183583,0.548472566009215,0.857431749241658
0.220669853677525,0.00084222907999064,0,-0.00958365560228014,-0.00967817358645906,-0.000249627684051219,-0,3.09934488557658,0.549027486070098,0.857094708459724
0.220669853677526,0.000842229079983636,0,-0.00958365560228014,-0.00967817358645906,-0.000249627684051219,-0,3.09934488557444,0.549027486070098,0.857094708459724
0.220667039867203,0.000759962648400102,0,-0.00898634198982906,-0.00895420010831538,-0.000248805145553619,-0,3.09938792512758,0.549341556042977,0.856757667677789
0.220667037083047,0.000759947339682236,0,-0.00898634198982906,-0.00895420010831538,-0.000248805482625578,-0,3.09938768246765,0.549341556042977,0.856420626895854
0.220660497742612,0.000709859278331427,0,-0.00937139984725643,-0.00952130117383243,-0.000249441400451212,-0,3.09542524449559,0.550848781430973,0.856420626895854
0.220663153225499,0.000725762393462634,0,-0.00958365560228014,-0.00967817358645906,-0.000249622511926416,-0,3.09376684098326,0.550563346330567,0.855746545331985
0.220669097395432,0.00075879070286775,0,-0.0096478319118507,-0.00976618505000904,-0.000248890492396821,-0,3.09415229513688,0.550848781430973,0.85608358611392
0.222111853283753,0.00082464596739994,0,-0.0073508183432236,-0.00656198359209803,-0.000254808050328139,-0,3.10177202828546,0.550347676982489,0.855746545331985
0.22211185364514,0.000824647333769765,0,-0.0073508183432236,-0.00656198359209803,-0.000254807935174224,-0,3.10177248103364,0.550347676982489,0.855746545331985
0.222106807618827,0.000767620305315951,0,-0.00946733802101418,-0.00960477299594009,-0.000255886477889011,-0,3.09923277785654,0.549741359351553,0.85540950455005
0.222106807171878,0.000767601846066217,0,-0.00946733802101418,-0.00960477299594009,-0.00025588635985465,-0,3.09923200118175,0.549741359351553,0.85540950455005
0.222108015036047,0.000841395155668852,0,-0.00946733802101418,-0.00960477299594009,-0.000255469522125375,-0,3.10340966651519,0.550347676982489,0.855072463768116
0.222111853283752,0.000824645967393498,0,-0.0073508183432236,-0.00656198359209803,-0.000254808050327695,-0,3.1017720282853,0.550347676982489,0.854735422986181
0.222121147405951,0.000834568494121916,0,-0.00758965633868902,-0.00680912295524205,-0.000254030627486593,-0,3.10222793563989,0.550347676982489,0.854398382204247
0.220680054148234,0.00087284277910475,0,-0.00961574375706586,-0.00972232528064998,-0.000247712991054538,-0,3.10278273208664,0.549027486070098,0.854398382204247
0.220676373345224,0.000813387016969726,0,-0.00901843014461434,-0.00900327624995922,-0.000247134891939578,-0,3.10324949606678,0.549626991143382,0.854398382204247
0.220670624377164,0.000840157681396706,0,-0.00901843014461434,-0.00900327624995922,-0.000247859099272333,-0,3.10381849444895,0.549341556042977,0.854061341422312
0.222106174238031,0.000792514212690983,0,-0.00913907988585105,-0.00912235122936256,-0.000256265144017841,-0,3.10352282376601,0.549741359351553,0.853387259858443
0.220669180722263,0.000795061657961608,0,-0.00906139135970951,-0.00905201038091752,-0.000249233223037019,-0,3.10230190319478,0.549341556042977,0.853387259858443
0.222120472127562,0.000827501712148059,0,-0.00941074369483275,-0.0093918220270961,-0.000254582082194818,-0,3.10149903558046,0.549112002714357,0.853387259858443
0.222120470536349,0.000827502665395508,0,-0.00941074369483275,-0.0093918220270961,-0.000254582427754209,-0,3.10150033476123,0.549112002714357,0.853050219076508
0.222113738612089,0.000772831962096735,0,-0.00973900182999587,-0.00985632662678571,-0.000255244237893448,-0,3.1005812033086,0.550347676982489,0.852713178294574
0.222105094851704,0.000764716222807693,0,-0.00917190569936732,-0.00917212228252851,-0.000254834367224191,-0,3.1016101071426,0.550347676982489,0.853050219076508
0.222108963282601,0.000816353535853794,0,-0.0087324174070198,-0.00865806274311476,-0.000254594100497945,-0,3.10177518269674,0.550347676982489,0.852713178294574
0.222102288791852,0.000794076936812296,0,-0.0092158545286023,-0.00922154404788422,-0.00025673562692068,-0,3.10062585436687,0.549741359351553,0.852713178294574
0.222102287346383,0.000794064919969758,0,-0.0092158545286023,-0.00922154404788422,-0.000256735818688438,-0,3.10062455505592,0.549741359351553,0.852376137512639
0.223506655860268,0.000824301791919163,0,-0.00888039993481193,-0.00882435002049853,-0.000262088025457203,-0,3.09770049680622,0.54987150290711,0.852039096730704
0.222104943760402,0.00080522737377975,0,-0.0092158545286023,-0.00922154404788422,-0.000255483205416871,-0,3.10021669532745,0.548505685083422,0.852039096730704
0.223508589846277,0.000820759997069224,0,-0.00888039993481193,-0.00882435002049853,-0.000261281643284682,-0,3.09738360315529,0.54987150290711,0.852039096730704
0.222119881025441,0.000819376140737926,0,-0.00924868034211856,-0.00927062018952807,-0.000253906424913821,-0,3.09830611366873,0.549112002714357,0.85170205594877
0.222116733780153,0.00133568152333787,0,0.00643992857435904,0.00894627833036754,-0.000238248821057135,-0,3.29566191602753,0.550347676982489,0.855072463768116
0.220667728713484,0.00170109691969374,0,0.0191103540860587,0.024964874897337,-0.000208566514759031,-0,3.53579062585414,0.549341556042977,0.85540950455005
0.220671179195807,0.00167394267764058,0,0.00957530796107253,0.0150115999539149,-0.00020962709191428,-0,3.50138385092054,0.549072071082499,0.85540950455005
0.214654751211556,0.00130758564882538,0,0.0165618407577179,0.0191011190246893,-0.000213233948534564,-0,3.30535860695292,0.546878998494324,0.856420626895854
0.219205463882577,0.00147748761769989,0,0.00922577075315401,0.0132821864454775,-0.000213402280728723,-0,3.40136346084829,0.548408405361993,0.857431749241658
0.219203522202506,0.00124848275515883,0,-0.0017011851505,0.000261267147142696,-0.000228818590282755,-0,3.37013908097756,0.547859651079563,0.856757667677789
0.219202684712685,0.000785548289798011,0,-0.00725691396234884,-0.00652044085070225,-0.000242193747435117,-0,3.10068533857341,0.547859651079563,0.852713178294574
0.222113047948974,0.000754306717140567,0,-0.0091813990141687,-0.00931935432048547,-0.000254573544000569,-0,3.09616897768302,0.550347676982489,0.852039096730704
0.220671780181819,0.00086436741859121,0,-0.00913644072958952,-0.00914846681282722,-0.000248294759526501,-0,3.1039574299704,0.547850280794908,0.85170205594877
0.22210913327221,0.000730313563045357,0,-0.00709933485081171,-0.00610378293801839,-0.000254808535812358,-0,3.0999625394416,0.549741359351553,0.851365015166835
0.222114758750591,0.000888566216636257,0,-0.00709933485081171,-0.00610378293801839,-0.000253454396478429,-0,3.10434464846939,0.550347676982489,0.850690933602966
0.222115342225503,0.000874846757697809,0,-0.00954411266376542,-0.00969733237863535,-0.000254977030240548,-0,3.10281814526156,0.550347676982489,0.850353892821031
0.22210526401093,0.000598047895416866,0,-0.0092158545286023,-0.00922154404788422,-0.000255785063758789,-0,3.09756516428957,0.549741359351553,0.850353892821031
0.222119258303561,0.000818233722722947,0,-0.00705090246708462,-0.00598527565560669,-0.000253177539128674,-0,3.10108459456332,0.550347676982489,0.850016852039097
0.222123453575916,0.0006429611152218,0,-0.00707711337297079,-0.00604473328314636,-0.000253243228938583,-0,3.09849037444617,0.549741359351553,0.849679811257162
0.223511963310922,0.000644438076611298,0,-0.00925154878556178,-0.00924454016271747,-0.000261296372897472,-0,3.09474349668192,0.54987150290711,0.849342770475227
0.223520390648665,0.000823220543683088,0,-0.00917298868600236,-0.0091417599580943,-0.000259662987092943,-0,3.09829605931356,0.54987150290711,0.82979440512302
0.220604756626599,0.000810350714295726,0,-0.00952294062054904,-0.00970028610601625,-0.000252741660251915,-0,3.10068017477683,0.550563346330567,0.84293899561847
0.217660502521119,0.000699683144868165,0,-0.00914404093529564,-0.00916151121381947,-0.000241816700214555,-0,3.09930507109349,0.549911833257223,0.843276036400404
0.219144124558819,0.000656372800148763,0,-0.00903840240028142,-0.00907616190922855,-0.000247850592835325,-0,3.09688642055888,0.549616620201943,0.843276036400404
0.219150533665431,0.000656787374969473,0,-0.0089963958788557,-0.00902940671939412,-0.0002474739422634,-0,3.09642123677741,0.551091325725033,0.843276036400404
0.219154827521204,0.000675259010733936,0,-0.00895438935742954,-0.00898233017292061,-0.000245928075007755,-0,3.09664646905925,0.551091325725033,0.843276036400404
0.219164602648168,0.000728483714336589,0,-0.00922467848725539,-0.00923732133654021,-0.000246985096058059,-0,3.09799340354393,0.550809062125743,0.843950117964274
0.220626835060911,0.000901106824170286,0,-0.00906230236709948,-0.0091004060640314,-0.000251983424989035,-0,3.10239554802153,0.549072071082499,0.843950117964274
0.219175714147685,0.00082169653024319,0,-0.00928742865661425,-0.00932771554007372,-0.000245340237253162,-0,3.10486804150992,0.550809062125743,0.843950117964274
0.220634795720873,0.000634547858620455,0,-0.0069279340645898,-0.00595333107213092,-0.000251815439492222,-0,3.09436555028111,0.549799240959367,0.844287158746208
0.220650246575083,0.000699125199896084,0,-0.00905142930679048,-0.0091004060640314,-0.000251037585947804,-0,3.09778444467601,0.550563346330567,0.844287158746208
0.220643334557488,0.000914705200488682,0,-0.0090084680916962,-0.00905201038091707,-0.000251364129944862,-0,3.10404074254646,0.548472566009215,0.844287158746208
0.222092291386922,0.00066690993624996,0,-0.00904099116175194,-0.00907222717231093,-0.000255708957830176,-0,3.1018273285595,0.549741359351553,0.844287158746208
0.222092292113758,0.000666913428861374,0,-0.00904099116175194,-0.00907222717231093,-0.000255708877181052,-0,3.10182698104763,0.549741359351553,0.844287158746208
0.222103163063168,0.000709004788123968,0,-0.00904099116175194,-0.00907222717231093,-0.000256220026233025,-0,3.09181256264901,0.550347676982489,0.844287158746208
0.222103162174089,0.000709020700101463,0,-0.00904099116175194,-0.00907222717231093,-0.000256220372957461,-0,3.09181242908993,0.550347676982489,0.844287158746208
0.222103161550302,0.00070900557676447,0,-0.00904099116175194,-0.00907222717231093,-0.000256220314151646,-0,3.09181260981114,0.550347676982489,0.843950117964274
0.222107774062857,0.000797054919116073,0,-0.00700747692598513,-0.00583481871760316,-0.000254733649040205,-0,3.09175694400641,0.550058998301397,0.843950117964274
0.222099789021408,0.00093078587247487,0,-0.00945562447415549,-0.00948728144051092,-0.000256335688759792,-0,3.10015120211435,0.549741359351553,0.843950117964274
0.222098439605539,0.000745618322922266,0,-0.00909454052547609,-0.0089453477710113,-0.000257048623138315,-0,3.09238583576501,0.550058998301397,0.843613077182339
0.223497334146274,0.000810824959326153,0,-0.00915393478068305,-0.0091933342637871,-0.000262093248874937,-0,3.09678023556339,0.551510769152637,0.843613077182339
0.220657373113051,0.000806576887128462,0,-0.00937082258648037,-0.00940696645882966,-0.000250797714637788,-0,3.09658457980959,0.549072071082499,0.843276036400404
0.220657371820766,0.000806578189091607,0,-0.00937082258648037,-0.00940696645882966,-0.00025079787027535,-0,3.096585811155,0.549072071082499,0.843276036400404
0.222098275070706,0.000730128992708774,0,-0.00953034212148296,-0.00958143536459222,-0.000257302120153199,-0,3.09614739944684,0.550347676982489,0.843276036400404
0.223501487530815,0.000801127389269755,0,-0.00965191014295286,-0.00971335185705202,-0.000263159118602181,-0,3.09585644893426,0.550260891731999,0.84293899561847
0.223501344444792,0.000717170824698986,0,-0.00910896388565252,-0.00914175995809474,-0.000261315346408109,-0,3.09035516925178,0.551510769152637,0.84293899561847
0.223497332137332,0.000810819400404488,0,-0.00915393478068305,-0.0091933342637871,-0.000262093485192437,-0,3.0967820841373,0.551510769152637,0.842601954836535
0.223506516312164,0.00075038798083507,0,-0.00965191014295286,-0.00971335185705202,-0.0002618364027156,-0,3.09107044716548,0.550907386159723,0.842264914054601
0.223501488074894,0.000801129373591417,0,-0.00965191014295286,-0.00971335185705202,-0.000263159053830936,-0,3.0958560704443,0.550260891731999,0.842264914054601
0.223492932400817,0.000831206550127989,0,-0.00950827646686436,-0.00951976034059543,-0.000263918091860689,-0,3.09286512445264,0.54987150290711,0.842264914054601
0.223501488074894,0.00080112937359327,0,-0.00965191014295286,-0.00971335185705202,-0.000263159053831158,-0,3.09585607044334,0.550260891731999,0.841927873272666
0.223501485623057,0.000801096468030233,0,-0.00965191014295286,-0.00971335185705202,-0.000263159384415773,-0,3.09585556757688,0.550260891731999,0.841927873272666
0.221964840411939,0.000803899635612482,0,-0.00889856489196861,-0.00884219816208276,-0.00025625543327737,-0,3.096956368514,0.554279878514782,0.830131445904954
0.220562734001041,0.000675864221819291,0,-0.00898725299721947,-0.00897878115510053,-0.000252291777465668,-0,3.09206775501119,0.552165775132375,0.831816649814628
0.222011620439015,0.000762860885046251,0,-0.00877892788726031,-0.00857769950121856,-0.0002572751164614,-0,3.09892937334298,0.551679636521407,0.832490731378497
0.222009541252246,0.000705195014530062,0,-0.00915113485165797,-0.00914728064794756,-0.000258720852019856,-0,3.09712117511546,0.552703748373422,0.833164812942366
0.220587523102534,0.000826523803087315,0,-0.00872020572476639,-0.0085227198069453,-0.000252002217783085,-0,3.09918654980062,0.551880340031969,0.833164812942366
0.222029381455145,0.000795655861532424,0,-0.00846331524904365,-0.00821898479972649,-0.000257246954828399,-0,3.09567558270642,0.551679636521407,0.833838894506235
0.222038700984048,0.00079403892025697,0,-0.00846331524904409,-0.00821898479972649,-0.000257270190564116,-0,3.09199806081079,0.551679636521407,0.833838894506235
0.222051633151221,0.00080779348255315,0,-0.00895472320419932,-0.00879006374651414,-0.000257883797555658,-0,3.09557438402213,0.551679636521407,0.83417593528817
0.222060058047292,0.000801509517770464,0,-0.00894629340781217,-0.00881617800947287,-0.000258153466244925,-0,3.10336196898098,0.551679636521407,0.834512976070104
0.223452677419655,0.000697203868204548,0,-0.00897997686399465,-0.00898478640781519,-0.000263980066015331,-0,3.09478294761439,0.551510769152637,0.83417593528817
0.222047758833481,0.000719491273671718,0,-0.00850147308901272,-0.00827530854865044,-0.000258764849992248,-0,3.10140970161672,0.551083110153412,0.834512976070104
0.222064277358101,0.000799206813286838,0,-0.00936508800856606,-0.00941581075239606,-0.000259158538321501,-0,3.10315039969896,0.551073318890472,0.834850016852039
0.222057469538165,0.000826008925965051,0,-0.00909454052547654,-0.00894534777101175,-0.000258766874267605,-0,3.10356417129511,0.550443962253276,0.835187057633974
0.220616007189383,0.000698621239640378,0,-0.0092341472274784,-0.00929067386653681,-0.000253415190877135,-0,3.09764105762924,0.550563346330567,0.834850016852039
0.222065926798603,0.00081902525836434,0,-0.00898754901771515,-0.0088681247121678,-0.000258228310045142,-0,3.10062118050779,0.550443962253276,0.835187057633974
0.22207609640406,0.000756486466757684,0,-0.00934863296639543,-0.00941581075239606,-0.000259000530919305,-0,3.0976361997041,0.550476792522477,0.835187057633974
0.222079681377348,0.00069948081102261,0,-0.0088980216583292,-0.00891969901786016,-0.000257402364734318,-0,3.09490424602323,0.551371788834504,0.834850016852039
0.222070605886707,0.000747351019019708,0,-0.00894360018848106,-0.00881617800947287,-0.000259209568151845,-0,3.10027319608046,0.550058998301397,0.835187057633974
0.222082175668914,0.000765449503297393,0,-0.00930468413716046,-0.00936775000360068,-0.000258544862997216,-0,3.09564751118186,0.550476792522477,0.834850016852039
0.222080283851709,0.000760648840301722,0,-0.00939791382208188,-0.00946354003193228,-0.000259329949416719,-0,3.09581770338127,0.550476792522477,0.834850016852039
0.222077630120357,0.000711740939149926,0,-0.00977182764351214,-0.00990107098271187,-0.000260121509128433,-0,3.09627756881246,0.550476792522477,0.834850016852039
0.223479633248814,0.000810586027630618,0,-0.00905152304871804,-0.00893169798904125,-0.000264038337508668,-0,3.09799186018759,0.550260891731999,0.834512976070104
0.22208568062725,0.000845176896359032,0,-0.00938145877991126,-0.00946354003193184,-0.000257957245194213,-0,3.09976533825332,0.551083110153412,0.834512976070104
0.223480173300388,0.000787076217532701,0,-0.0085568432033778,-0.00832107874666521,-0.000264091073729022,-0,3.09777028032331,0.551510769152637,0.83417593528817
0.223480173300389,0.00078707621753643,0,-0.0085568432033778,-0.00832107874666521,-0.0002640910737288,-0,3.09777028032359,0.551510769152637,0.83417593528817
0.223476044073614,0.000777724603231059,0,-0.00908511225324649,-0.00898478640781519,-0.000265462321845731,-0,3.09797617032299,0.550260891731999,0.833501853724301
0.223473681982171,0.000815427004716991,0,-0.00909649394374856,-0.00898478640781519,-0.000264564940463307,-0,3.09646789419744,0.550260891731999,0.833501853724301
0.223481141104287,0.000781691838182416,0,-0.00909649394374856,-0.00898478640781519,-0.000264641518266444,-0,3.09507471741156,0.550907386159723,0.833501853724301
0.223476392723162,0.000775012768978625,0,-0.00860181409840921,-0.00837869238959188,-0.000263816834295156,-0,3.09755140455165,0.551510769152637,0.833164812942366
0.223488019200083,0.000760068119474129,0,-0.00897129534821994,-0.00898478640781564,-0.000263143592774296,-0,3.09425546841369,0.550907386159723,0.833164812942366
0.222086346368319,0.000781985845733937,0,-0.00929262917135354,-0.00931935432048592,-0.000258641835867193,-0,3.10003167508578,0.549741359351553,0.832827772160431
0.224835817331934,0.000730994837097901,0,-0.00904558266203148,-0.00905023311059772,-0.000271081217039255,-0,3.09580094878139,0.551507390571662,0.832827772160431
0.224839107137266,0.000783182901542014,0,-0.00904558266203148,-0.00905023311059772,-0.000269576958508402,-0,3.09727189310672,0.550754854303741,0.832490731378497
0.224825361814056,0.000708129707462487,0,-0.00950587299940731,-0.00957553287184698,-0.000272389479305247,-0,3.09644317634309,0.552127808612619,0.832490731378497
0.22348114064861,0.000781679161999503,0,-0.00909649394374856,-0.00898478640781519,-0.000264641761735053,-0,3.0950748875248,0.550907386159723,0.832153690596562
0.224842578281337,0.000806893130018755,0,-0.00870178727450632,-0.00848467821549193,-0.00027034745612053,-0,3.09873492996977,0.550754854303741,0.832153690596562
0.22348815416067,0.00086114255871446,0,-0.00946597519356018,-0.00954425543545412,-0.000263918166689371,-0,3.09665982204881,0.550907386159723,0.831816649814628
0.22348114064861,0.000781679162004281,0,-0.00909649394374856,-0.00898478640781519,-0.000264641761735053,-0,3.09507488752478,0.550907386159723,0.831479609032693
0.223481140658602,0.000781689316649812,0,-0.00909649394374856,-0.00898478640781519,-0.000264641581789119,-0,3.09507523179226,0.550907386159723,0.831479609032693
0.224842166854089,0.000667371724550037,0,-0.00874781630824373,-0.00854317656293002,-0.000270879792689501,-0,3.09524758925987,0.551079880205906,0.831142568250758
0.223487106986113,0.000800089172163234,0,-0.00899195389669849,-0.00898478640781564,-0.000263699957433234,-0,3.10234232423303,0.550907386159723,0.830805527468824
0.224842164324155,0.000667352420306278,0,-0.00874781630824373,-0.00854317656293002,-0.000270880286996528,-0,3.0952471453719,0.551079880205906,0.835187057633974
0.230316662698718,0.000761599827538646,0,-0.00886967347282663,-0.00843209171859094,-0.000292675421813862,-0,3.10190752835403,0.552863212945079,0.824738793394001
0.227787383945412,0.000728822611720942,0,-0.00906586656055408,-0.00888726658819339,-0.000284762996936937,-0,3.10126134753562,0.553074358940763,0.824738793394001
0.227792471110434,0.000728872010326022,0,-0.00870540409887788,-0.00826207119427513,-0.00028404993619659,-0,3.10344322842328,0.553074358940763,0.825075834175935
0.227795214372181,0.000576548321144755,0,-0.00899673151044533,-0.0087661352210775,-0.000283924673319607,-0,3.09636985996011,0.553074358940763,0.824738793394001
0.227795312947041,0.000699018367069628,0,-0.00866935785270995,-0.00819676720417783,-0.000283043095101391,-0,3.10116086845724,0.553074358940763,0.825075834175935
0.226117732864622,0.000582508580198683,0,-0.00888990494179742,-0.00865322915158728,-0.000278901286085088,-0,3.08760665399529,0.552263974553155,0.825075834175935
0.226118497311705,0.000700613930364804,0,-0.0086054322928546,-0.00816095931624794,-0.000278240019323328,-0,3.09262731059442,0.552787405132961,0.825075834175935
0.226117788879563,0.000702743220120784,0,-0.0086054322928546,-0.00816095931624794,-0.000278051666717039,-0,3.09276051525397,0.552787405132961,0.825075834175935
0.22611843747782,0.000579871062205875,0,-0.00888990494179742,-0.00865322915158728,-0.000279068358923883,-0,3.08747679716793,0.552263974553155,0.824738793394001
0.226117791472453,0.000702746107128336,0,-0.0086054322928546,-0.00816095931624794,-0.000278051574857849,-0,3.09276072574491,0.552787405132961,0.824401752612066
0.226117788930218,0.000702746488412809,0,-0.0086054322928546,-0.00816095931624794,-0.000278051908301787,-0,3.09276091909372,0.552787405132961,0.824738793394001
0.227795310844265,0.000699016270243732,0,-0.00866935785270995,-0.00819676720417783,-0.000283043240727037,-0,3.10115982982899,0.553074358940763,0.824401752612066
0.226118498502428,0.00070061307969344,0,-0.0086054322928546,-0.00816095931624794,-0.000278239933179474,-0,3.0926272123017,0.552787405132961,0.824064711830131
0.226118495965638,0.000700610162586327,0,-0.0086054322928546,-0.00816095931624794,-0.000278240034806254,-0,3.09262699993665,0.552787405132961,0.824064711830131
0.227795944122602,0.000696914869153344,0,-0.00866935785270995,-0.00819676720417783,-0.000283231359205139,-0,3.10098864536169,0.553074358940763,0.824064711830131
0.22779594617447,0.000696916994012266,0,-0.00866935785270995,-0.00819676720417783,-0.000283231206139864,-0,3.10098968869463,0.553074358940763,0.823727671048197
0.226118495965637,0.000700610162582619,0,-0.0086054322928546,-0.00816095931624794,-0.000278240034806254,-0,3.09262699993709,0.552787405132961,0.823727671048197
0.227796675972507,0.000753586951552197,0,-0.00875366460326887,-0.00832685062035221,-0.000284785263348385,-0,3.10258216802786,0.553074358940763,0.823727671048197
0.227797309108838,0.000751383270766289,0,-0.00875366460326887,-0.00832685062035221,-0.000284966641797638,-0,3.102393040418,0.553074358940763,0.823727671048197
0.227795943702072,0.000696902904996044,0,-0.00866935785270995,-0.00819676720417783,-0.000283231543250635,-0,3.10098891670568,0.553074358940763,0.823727671048197
0.227792471142683,0.000728887518282437,0,-0.00870540409887788,-0.00826207119427513,-0.00028404977529412,-0,3.10344399641866,0.553074358940763,0.823390630266262
0.22779246887893,0.000728870714445347,0,-0.00870540409887788,-0.00826207119427513,-0.000284050355627187,-0,3.10344325821078,0.553074358940763,0.823053589484328
0.227792471142683,0.000728887518272584,0,-0.00870540409887788,-0.00826207119427513,-0.000284049775294342,-0,3.10344399641952,0.553074358940763,0.823053589484328
0.227797306987723,0.000751373199961693,0,-0.00875366460326887,-0.00832685062035221,-0.000284967143036063,-0,3.10239228790719,0.553074358940763,0.823053589484328
0.227797306987723,0.000751373199967013,0,-0.00875366460326887,-0.00832685062035221,-0.000284967143036063,-0,3.10239228790646,0.553074358940763,0.823053589484328
0.227792221297658,0.000727416767589256,0,-0.00911412706494596,-0.00894713069668507,-0.000285680303855992,-0,3.10010289908489,0.553074358940763,0.822716548702393
0.227797306219687,0.00075136225530484,0,-0.00875366460326887,-0.00832685062035221,-0.000284967085010044,-0,3.10239226715,0.553074358940763,0.822379507920458
0.227792220614165,0.000727414864715466,0,-0.00911412706494596,-0.00894713069668507,-0.000285680265843754,-0,3.10010286914875,0.553074358940763,0.822379507920458
0.227799171325179,0.00074520757482122,0,-0.00906586656055408,-0.00888726658819339,-0.000283701691440369,-0,3.1006802000787,0.553074358940763,0.822379507920458
0.230323190433283,0.000752148905560161,0,-0.00923892770186097,-0.00906729468729095,-0.000293487534612802,-0,3.09954012164722,0.55242863677319,0.822379507920458
0.227789456593102,0.000759062453648745,0,-0.00902982031438659,-0.00882693658304667,-0.000285254328226755,-0,3.10167837104442,0.552439169041688,0.822042467138524
0.227785979969079,0.00072349194624973,0,-0.00907808081877803,-0.00888726658819339,-0.000286445442667086,-0,3.10004131059113,0.552439169041688,0.822042467138524
0.227789458573561,0.000759075864771665,0,-0.00902982031438659,-0.00882693658304667,-0.000285254090693183,-0,3.10167714838296,0.552439169041688,0.821705426356589
0.230323193234246,0.00075215974048229,0,-0.00923892770186097,-0.00906729468729095,-0.000293487158276207,-0,3.09954058501782,0.55242863677319,0.821368385574654
0.230323191301684,0.000752153352960082,0,-0.00923892770186097,-0.00906729468729095,-0.00029348756770938,-0,3.09954043555745,0.55242863677319,0.821705426356589
0.230316574353215,0.000641508802552111,0,-0.00883274804992329,-0.0083657193029425,-0.000294224899632163,-0,3.09668057901976,0.553610860436774,0.821368385574654
0.22779296109604,0.000645461114139373,0,-0.00909029507700243,-0.00888726658819339,-0.000285931823239967,-0,3.09969646904788,0.553074358940763,0.82103134479272
0.227791217425457,0.000756159173973626,0,-0.00873855265323265,-0.00832685062035221,-0.000284747416425952,-0,3.10357293192906,0.553074358940763,0.82103134479272
0.227792961096041,0.000645461114126112,0,-0.00909029507700243,-0.00888726658819339,-0.000285931823239967,-0,3.09969646904646,0.553074358940763,0.82103134479272
0.227792962191987,0.00064547889821152,0,-0.00909029507700243,-0.00888726658819339,-0.000285931557525712,-0,3.09969568710081,0.553074358940763,0.820694304010785
0.227798952731202,0.000645497208874407,0,-0.0090420345726101,-0.00882693658304667,-0.000284159051514026,-0,3.09943767765432,0.553074358940763,0.820694304010785
0.227796074425389,0.00130502050980418,0,0.00156847791906323,0.00344334586928507,-0.000265232742372089,-0,3.34174025321281,0.552741594326641,0.823390630266262
0.224836932858061,0.00129636612310139,0,0.0048237030230851,0.00528231224794595,-0.000250791597043395,-0,3.33649330632355,0.550754854303741,0.823390630266262
0.22483848357461,0.00123270196084936,0,0.00105321334587538,0.00159906683164968,-0.00025215472194197,-0,3.27757807188647,0.550144455229514,0.823727671048197
0.224574151529699,0.00183631563963371,3.86888210839171,0.00354361409926351,0.00833497627969759,-0.000225350547922525,-0,3.29056368006116,0.553490743954768,0.808223795079205
0.224628860605536,0.00156105157794373,0,0.00254617447668393,0.00411437701175155,-0.000229473730784407,-0,3.25127966893561,0.555478654161735,0.811594202898551
0.227622166443012,0.0015743942263104,0,0.0112505479139058,0.0162461926076669,-0.000242037044207706,-0,3.325964719035,0.555689187527377,0.811257162116616
0.22595240653987,0.000860439277670663,0,-0.00914474815221178,-0.00908788892849532,-0.000270469369359087,-0,3.09461422522368,0.555426419595567,0.808560835861139
0.225985766405812,0.000686587577310864,0,-0.00933324800466062,-0.00930985142468099,-0.000272820979745285,-0,3.08913060964481,0.555426419595567,0.811257162116616
0.226004160256247,0.000740694162213028,0,-0.00941557106697211,-0.00941838891601199,-0.000274099636679951,-0,3.09491540048507,0.555426419595567,0.811931243680485
0.22601370292521,0.000723598205384948,0,-0.00946269603008387,-0.00947206236008169,-0.000275202951030966,-0,3.08641548589383,0.55460086269567,0.812605325244355
0.226025205196806,0.00072248657995046,0,-0.00877066091001755,-0.00831813147509575,-0.00027743279108568,-0,3.09955464598908,0.553941811769166,0.813279406808224
0.226039309257097,0.000701895151647557,0,-0.00955694595630874,-0.00957824025460763,-0.000276503723599135,-0,3.09211098117164,0.55460086269567,0.813953488372093
0.226048784655175,0.000694357863989028,0,-0.00960407091942095,-0.00963075316130713,-0.000277546744154708,-0,3.0903910322467,0.55460086269567,0.814290529154028
0.224765760527498,0.000710990339745982,0,-0.00948314295564012,-0.00949913430046267,-0.000270887547794187,-0,3.09611889731182,0.554306701355828,0.814627569935962
0.226064547002592,0.000810124004189694,0,-0.00926973415752297,-0.00908788892849532,-0.000277853451760383,-0,3.09993628053034,0.553540605719466,0.814964610717897
0.224775060168941,0.000707661819569081,0,-0.00953475639355217,-0.00955015747456178,-0.000271836121984281,-0,3.0997015075049,0.553490743954768,0.815301651499831
0.224784405003064,0.000707844146046779,0,-0.00948314295564012,-0.00952469144624191,-0.000271812128986486,-0,3.09229296280918,0.553490743954768,0.814964610717897
0.226072738119698,0.000608009877107331,0,-0.00871044409791155,-0.00841095541136117,-0.000278441428457433,-0,3.0916114036363,0.553116254869269,0.815301651499831
0.226083278556627,0.000847195787584514,0,-0.00874564219711083,-0.00847223367597971,-0.000277894348674712,-0,3.09937267788763,0.552787405132961,0.813953488372093
0.227685258353945,0.000817927180096916,0,-0.00872983261532578,-0.00822948516716027,-0.000280830580820675,-0,3.10276335228303,0.555386762242423,0.808897876643074
0.2276956410258,0.000714909938090579,0,-0.00954727854746329,-0.00954888008622934,-0.000281285130182388,-0,3.09100262275921,0.555109600343135,0.810246039770812
0.226028536389354,0.00083344023661135,0,-0.00877066091001755,-0.00831813147509575,-0.00027702343373626,-0,3.10057928628183,0.555127552255142,0.811257162116616
0.226046876505404,0.000779308446572027,0,-0.00881778587312976,-0.00838013568365081,-0.000278028810257655,-0,3.10320308141556,0.553941811769166,0.811931243680485
0.22605488761665,0.000772588987847175,0,-0.00886491083624108,-0.00844165450650758,-0.000278521435615335,-0,3.09924119178427,0.553941811769166,0.81226828446242
0.224783765444437,0.000733781280032824,0,-0.00948314295564012,-0.00949913430046267,-0.000271896851687212,-0,3.09883427994036,0.552127808612619,0.812942366026289
0.226063233805714,0.000743177353331513,0,-0.00912999177747054,-0.00911599796344387,-0.00027769672506455,-0,3.09219718886067,0.553941811769166,0.813279406808224
0.227745360457282,0.00065264671517507,0,-0.00890946731765885,-0.00864309615601933,-0.000286077844606879,-0,3.08793957667851,0.553274553999917,0.813616447590158
0.226074138705747,0.000647445972124217,0,-0.00926973415752297,-0.00911599796344387,-0.000279614143850916,-0,3.09260281098344,0.553116254869269,0.813953488372093
0.226081439841351,0.000651308127468584,0,-0.00874564219711038,-0.00847223367597971,-0.000278936983458068,-0,3.0927521454435,0.553941811769166,0.814290529154028
0.226074167255835,0.00064758085784359,0,-0.00926973415752297,-0.00911599796344387,-0.000279614529297549,-0,3.09260209274264,0.553116254869269,0.814290529154028
0.226083948833966,0.00078513870315771,0,-0.00905003070178534,-0.00868298817787405,-0.000280429480035596,-0,3.09864511903943,0.551408435257375,0.813953488372093
0.22480049100748,0.000629562011273159,0,-0.00910496802936223,-0.00894048621426746,-0.000273494937534785,-0,3.09405344541073,0.552127808612619,0.814290529154028
0.226095999324082,0.000876323698776061,0,-0.00893530703463963,-0.0085933650430956,-0.000278264407625733,-0,3.10555972917362,0.551737284993683,0.814290529154028
0.227770324409483,0.000675643884529377,0,-0.0087646858044832,-0.00845486086134617,-0.000284890769287007,-0,3.0938251306728,0.553074358940763,0.814290529154028
0.22609061513802,0.000741957016260205,0,-0.00920496496431866,-0.00905967421451992,-0.000279979759439467,-0,3.09651253639796,0.552787405132961,0.814290529154028
0.226097086155974,0.000781651930419995,0,-0.00888818207152742,-0.00853303503794889,-0.000279247604907034,-0,3.10109676131465,0.550348178281171,0.814290529154028
0.227771063317545,0.000587378772652751,0,-0.00933159759896274,-0.00918203446062948,-0.000287008103802354,-0,3.09097955767405,0.552439169041688,0.814290529154028
0.227776860988043,0.000681719813852994,0,-0.00875247154625836,-0.00845486086134617,-0.000284766568172542,-0,3.09121239094613,0.553074358940763,0.814290529154028
0.227776861644103,0.000681729428654139,0,-0.00875247154625836,-0.00845486086134617,-0.000284766203027801,-0,3.09121172211876,0.553074358940763,0.814290529154028
0.227770999562653,0.000652380403243996,0,-0.00839200908458171,-0.00779356171512102,-0.000286538049414623,-0,3.09141347864049,0.553074358940763,0.814290529154028
0.227774205245347,0.000764292952301726,0,-0.00959553905185517,-0.009631037541038,-0.000285091770870513,-0,3.09304545152462,0.552741594326641,0.813953488372093
0.227771524001863,0.000715739117586816,0,-0.00622844137225265,-0.00519700586801131,-0.00028689280336615,-0,3.09820279648076,0.553909743898992,0.813953488372093
0.227777697185815,0.000579121915555296,0,-0.00928333709457085,-0.00912398099336986,-0.000286915372656725,-0,3.09149431622976,0.552439169041688,0.813953488372093
0.227773483219837,0.000669219594281461,0,-0.00875247154625836,-0.00845486086134617,-0.000284815315538843,-0,3.08686026397095,0.552439169041688,0.813616447590158
0.227772417282375,0.000622951092807507,0,-0.00839200908458171,-0.00779356171512102,-0.000286771386665057,-0,3.08792786043174,0.552439169041688,0.813616447590158
0.227779608879215,0.000923417153788955,0,-0.00964379955624706,-0.0096853057344628,-0.000284878792754511,-0,3.09572104412772,0.552741594326641,0.813616447590158
0.230301204007657,0.000576829101169199,0,-0.00903049840938319,-0.00862801008656522,-0.000295196505534492,-0,3.09299923534459,0.553610860436774,0.813279406808224
0.230301204751674,0.000576836885555188,0,-0.00903049840938319,-0.00862801008656522,-0.000295196422942162,-0,3.09299869388336,0.553610860436774,0.813279406808224
0.227777697250658,0.000579115462273376,0,-0.00928333709457085,-0.00912398099336986,-0.000286915272319512,-0,3.09149374455397,0.552439169041688,0.812942366026289
0.230301202872856,0.00057682044498627,0,-0.00903049840938319,-0.00862801008656522,-0.000295196656993743,-0,3.09299724793688,0.553610860436774,0.812942366026289
0.227772897953718,0.000596039070168672,0,-0.00928333709457085,-0.00912398099336986,-0.000286296556316775,-0,3.09079687408848,0.552439169041688,0.812605325244355
0.227782267282151,0.000659645852075826,0,-0.00875247154625836,-0.00845486086134617,-0.000285307834332945,-0,3.09001606461873,0.553074358940763,0.81226828446242
0.230310252022157,0.000637502946684925,0,-0.00848668492086802,-0.00788549427399055,-0.000294204890432463,-0,3.0923444422933,0.553274086610434,0.81226828446242
0.227788870145788,0.000639867161005563,0,-0.00875247154625836,-0.00845486086134617,-0.000285166148061837,-0,3.090521379963,0.553074358940763,0.81226828446242
0.227782270218696,0.00065965179768952,0,-0.00875247154625836,-0.00845486086134617,-0.000285307556177146,-0,3.09001619823689,0.553074358940763,0.811931243680485
0.227784069202109,0.000658624213256589,0,-0.00875247154625836,-0.00845486086134617,-0.000284617697440498,-0,3.08983719989013,0.553074358940763,0.811931243680485
0.227782268552687,0.000659649525329308,0,-0.00875247154625836,-0.00845486086134617,-0.000285307816417939,-0,3.09001645715053,0.553074358940763,0.811594202898551
0.227782269256457,0.000659650415061376,0,-0.00875247154625836,-0.00845486086134617,-0.000285307622170864,-0,3.09001664977717,0.553074358940763,0.811257162116616
0.230312038431419,0.00063558423245359,0,-0.00848668492086802,-0.00788549427399055,-0.000293512218581366,-0,3.09209059693713,0.553274086610434,0.811257162116616
0.230312037687296,0.000635568233706763,0,-0.00848668492086802,-0.00788549427399055,-0.000293512300489681,-0,3.09209110833342,0.553274086610434,0.811257162116616
0.230312036931704,0.00063556631205345,0,-0.00848668492086802,-0.00788549427399055,-0.000293512676385064,-0,3.09208973020673,0.553274086610434,0.811257162116616
0.227784070521724,0.000658626706396524,0,-0.00875247154625836,-0.00845486086134617,-0.000284617706221197,-0,3.08983755008173,0.553074358940763,0.810920121334681
0.23031132095346,0.000713670987480666,0,-0.00903049840938319,-0.00862801008656522,-0.000294304323421684,-0,3.09772376594989,0.553274086610434,0.810583080552747
0.230311318087769,0.000713672071072705,0,-0.00903049840938319,-0.00862801008656522,-0.000294304638912006,-0,3.09772366755481,0.553274086610434,0.810583080552747
0.230318169414598,0.000714603832944541,0,-0.00939975263841752,-0.00924829016289808,-0.000292829489454993,-0,3.09285731835371,0.55242863677319,0.810246039770812
0.230317742846267,0.000799269939288636,0,-0.00890537673976732,-0.00862801008656522,-0.000292021356340551,-0,3.09275603249181,0.55242863677319,0.810246039770812
0.230315163618003,0.000724900335152677,0,-0.00849919708782965,-0.00788549427399099,-0.000293197935772914,-0,3.10083902075361,0.55242863677319,0.809908998988878
0.230304990257268,0.000552729467570072,0,-0.0084622716649263,-0.00781457480301961,-0.000293469432975924,-0,3.08712128321824,0.553610860436774,0.809571958206943
0.230314766377328,0.000713108499414274,0,-0.0084622716649263,-0.00781457480301961,-0.000292511006021497,-0,3.08995248550844,0.553610860436774,0.809571958206943
0.230309751620752,0.000531971424861254,0,-0.0084622716649263,-0.00781457480301961,-0.00029398068079957,-0,3.08792767442909,0.553610860436774,0.809234917425008
0.230309753359074,0.000531984254690557,0,-0.0084622716649263,-0.00781457480301961,-0.000293980531692424,-0,3.08792720543902,0.553610860436774,0.809234917425008
0.230309753023507,0.000531982442743385,0,-0.0084622716649263,-0.00781457480301961,-0.000293980599284351,-0,3.08792723365872,0.553610860436774,0.808897876643074
0.230306581495168,0.000628039240803963,0,-0.00853612251073255,-0.00795582023484753,-0.000293906603052402,-0,3.08961056255471,0.553274086610434,0.808560835861139
0.23030767106503,0.000709074532560854,0,-0.00903049840938319,-0.00862801008656522,-0.000294090252564026,-0,3.09248640699841,0.553274086610434,0.808560835861139
0.2328209495907,0.000703631175694109,0,-0.00868482560744344,-0.00812326441806555,-0.000300821517790985,-0,3.09348381076562,0.554028852040183,0.808223795079205
0.232826554066143,0.000725677288838891,0,-0.00897470179201276,-0.00867440891798843,-0.000298925325079811,-0,3.09317743932547,0.554028852040183,0.808223795079205
0.23282655593304,0.000725682043120694,0,-0.00897470179201276,-0.00867440891798843,-0.000298924879119258,-0,3.09317767839481,0.554028852040183,0.80788675429727
0.23282094885364,0.000703630401503977,0,-0.00868482560744344,-0.00812326441806555,-0.000300821603690686,-0,3.09348418980118,0.554028852040183,0.80788675429727
0.232826554066142,0.000725677288833679,0,-0.00897470179201276,-0.00867440891798843,-0.000298925325080477,-0,3.09317743932593,0.554028852040183,0.807549713515335
0.230311479912118,0.000683021794631361,0,-0.0089178889067294,-0.00862801008656522,-0.000293298013983424,-0,3.09557063613624,0.55242863677319,0.807212672733401
0.230305240141511,0.000524511277136867,0,-0.00851170925479128,-0.00788549427399055,-0.000294010284432353,-0,3.08910031148989,0.553610860436774,0.807212672733401
0.230320878589169,0.00073976156173969,0,-0.00886845131686398,-0.00856323066048814,-0.000291347803289918,-0,3.09616234384965,0.55242863677319,0.806875631951466
0.23031172532351,0.000707768812632587,0,-0.00858556010059841,-0.00802556010515998,-0.000293462145536151,-0,3.09727226239359,0.553949018282155,0.806538591169531
0.230311722460743,0.000707751761472101,0,-0.00858556010059841,-0.00802556010515998,-0.000293462452098616,-0,3.09727237081818,0.553949018282155,0.806538591169531
0.23281141176046,0.000747787494447726,0,-0.00873548387853962,-0.00819418388903603,-0.0003018918248996,-0,3.099850359451,0.553687971215961,0.806201550387597
0.232821848884999,0.000767401289794044,0,-0.00873548387853962,-0.00819418388903603,-0.000301195774352113,-0,3.10170100336019,0.553687971215961,0.805864509605662
0.2328108245504,0.000735125271340743,0,-0.00958874708469093,-0.00943678566430561,-0.000301533303553285,-0,3.10020151836606,0.553687971215961,0.805527468823728
0.2328090570835,0.000584753122268886,0,-0.0113746010950089,-0.0117560754553967,-0.000302714877119372,-0,3.0961975563232,0.553004808670194,0.805527468823728
0.232820019692982,0.000759507128916137,0,-0.00907601833420424,-0.00880661628543677,-0.000299995629939138,-0,3.10014336076137,0.553687971215961,0.805190428041793
0.232819302337866,0.00070370455998072,0,-0.00873548387853962,-0.00819418388903603,-0.000299246374010994,-0,3.09694624367324,0.554028852040183,0.804853387259858
0.232814986057486,0.000771571344000527,0,-0.00873548387853962,-0.00819418388903603,-0.000300069604666957,-0,3.09825725413941,0.553687971215961,0.804853387259858
0.230305307003463,0.00063392153814057,0,-0.00861058443452123,-0.00802556010515998,-0.000294190963434162,-0,3.09072318741179,0.553610860436774,0.804179305695989
0.230307977247856,0.000759251731111555,0,-0.00927414050115605,-0.00891319248640654,-0.00029408825050545,-0,3.09564043599699,0.553949018282155,0.803842264914055
0.230307974930096,0.000759230388552503,0,-0.00927414050115605,-0.00891319248640654,-0.000294088439101089,-0,3.09563958341406,0.553949018282155,0.80350522413212
0.230307976887553,0.000759249493310151,0,-0.00927414050115605,-0.00891319248640654,-0.00029408841995055,-0,3.09564034813952,0.553949018282155,0.803168183350185
0.230301563505105,0.000713462011016131,0,-0.00920028965534891,-0.008787704750707,-0.000294845349081829,-0,3.0942620916574,0.553610860436774,0.803168183350185
0.230301563865383,0.000713467953887342,0,-0.00920028965534891,-0.008787704750707,-0.000294845180411543,-0,3.09426220533688,0.553610860436774,0.802831142568251
0.232819967426129,0.000776548305520728,0,-0.00912667660530087,-0.00887192027553407,-0.000299772149690708,-0,3.09605679567539,0.553687971215961,0.802831142568251
0.232808310818094,0.000949923774768294,0,-0.00882397931137602,-0.00833424972020547,-0.000298291492745408,-0,3.10016955488931,0.553687971215961,0.802494101786316
0.232813511884314,0.000678638896831029,0,-0.00871046782615492,-0.00812326441806599,-0.00030051617652537,-0,3.09450401765151,0.553687971215961,0.802157061004381
0.232809436813647,0.000737057623763427,0,-0.00876112609725066,-0.00819418388903648,-0.000301082286434998,-0,3.09370089971111,0.553687971215961,0.802157061004381
0.232816803429178,0.000708103298262166,0,-0.00876112609725066,-0.00819418388903648,-0.000301706720790911,-0,3.09383773473971,0.553687971215961,0.801820020222447
0.232816803328431,0.000708114524601945,0,-0.00876112609725066,-0.00819418388903648,-0.000301706538089899,-0,3.09383796047264,0.553687971215961,0.801482979440512
0.235284970049732,0.000714519593636098,0,-0.00886461243241365,-0.00829612041485905,-0.000308440403975558,-0,3.09715615308797,0.556231829496965,0.801482979440512
0.235284969657701,0.000714515318666636,0,-0.00886461243241365,-0.00829612041485905,-0.000308440782971477,-0,3.09715420468557,0.556231829496965,0.801145938658578
0.235284969493019,0.000714512492391981,0,-0.00886461243241365,-0.00829612041485905,-0.000308440463054978,-0,3.09715426091389,0.556231829496965,0.800808897876643
0.235289157363822,0.00079010649884215,0,-0.00833222351658769,-0.00753956196300543,-0.00030878557311316,-0,3.0970630063061,0.555020415125639,0.800471857094708
0.235278452297495,0.000552025217245438,0,-0.0115565659422057,-0.0119545801721226,-0.000309214890615189,-0,3.09122026789105,0.556231829496965,0.800471857094708
0.235285347784351,0.000734275643373502,0,-0.00895532025107171,-0.00843977019693787,-0.000310278974766018,-0,3.09739114388248,0.553462493332502,0.800134816312774
0.235278828283363,0.000644153454500119,0,-0.0116604153979529,-0.012072581234269,-0.000311067299404158,-0,3.0934069648746,0.554673907703828,0.799797775530839
0.235278829722253,0.000644174208490515,0,-0.0116604153979529,-0.012072581234269,-0.000311067124714187,-0,3.0934059346237,0.554673907703828,0.799797775530839
0.235288245979746,0.000735615335011532,0,-0.0088646124324141,-0.00829612041485905,-0.0003071384130333,-0,3.09547790906569,0.554673907703828,0.799460734748905
0.237761492495903,0.000795761786648806,0,-0.00839840825198435,-0.00754238896971993,-0.000315539249150051,-0,3.09896921718575,0.555728993709211,0.79912369396697
0.235285792422382,0.000593845202121898,0,-0.00896846188816092,-0.00843977019693787,-0.000310499181873396,-0,3.09126707191446,0.553117404103043,0.79912369396697
0.235281105001672,0.000737638686317958,0,-0.00900724497894512,-0.00851068966790836,-0.000310452941906218,-0,3.09750512068157,0.554673907703828,0.798786653185035
0.235285796123091,0.000593834280147607,0,-0.00896846188816092,-0.00843977019693787,-0.000310500287886871,-0,3.09126900147351,0.553117404103043,0.798449612403101
0.235287067496192,0.000755589194915992,0,-0.00895532025107215,-0.00843977019693787,-0.00030888444635298,-0,3.09721979732005,0.554328818474369,0.798112571621166
0.232812627879755,0.000708486769327248,0,-0.00881178436834773,-0.00826450984989346,-0.000300225390962846,-0,3.09717456354963,0.553687971215961,0.797775530839231
0.232817296550418,0.000676238142798192,0,-0.0119538508861878,-0.0123429053334938,-0.000301945141065996,-0,3.09908419296988,0.553345689494416,0.797775530839231
0.232814001067436,0.000769301536206904,0,-0.0119538508861878,-0.0123429053334938,-0.000302736197353092,-0,3.10015408502335,0.553004808670194,0.797438490057297
0.23528523986534,0.000516059383777817,0,-0.0117123401258259,-0.0121308037023358,-0.000310678494001338,-0,3.08820478436809,0.554328818474369,0.797101449275362
0.23528578989337,0.00062870096595133,0,-0.00896846188816092,-0.00843977019693787,-0.000309066879844956,-0,3.088928716845,0.553462493332502,0.796764408493428
0.235286040291141,0.000628368034294,0,-0.00896846188816092,-0.00843977019693787,-0.000309143585254878,-0,3.08897589029258,0.553462493332502,0.796427367711493
0.235286042913766,0.00062839430362817,0,-0.00896846188816092,-0.00843977019693787,-0.000309143306636672,-0,3.0889765218413,0.553462493332502,0.796427367711493
0.235281229913985,0.00075714002287977,0,-0.00900724497894467,-0.00851068966790836,-0.000309084986588363,-0,3.09719340483518,0.554673907703828,0.795753286147624
0.235276627382928,0.000545850863973128,0,-0.0117123401258259,-0.0121308037023358,-0.000310806877470904,-0,3.08888213822841,0.554328818474369,0.795753286147624
0.235276628288219,0.000545854150788901,0,-0.0117123401258259,-0.0121308037023358,-0.000310806944965461,-0,3.08888198106494,0.554328818474369,0.795416245365689
0.235285343426844,0.00051701180874196,0,-0.0117123401258259,-0.0121308037023358,-0.000310671392533587,-0,3.08840888684165,0.554328818474369,0.795079204583755
0.237760866503487,0.00057624137274186,0,-0.0113182303173813,-0.011656188638598,-0.000318774535707987,-0,3.09145471485355,0.555728993709211,0.79474216380182
0.237753748589081,0.00068354408993405,0,-0.0113182303173813,-0.011656188638598,-0.00031668489046177,-0,3.0936865526578,0.555728993709211,0.794405123019885
0.237751174642472,0.000775071926335369,0,-0.0119038623747918,-0.0123384649869753,-0.000317614375492798,-0,3.09938129407513,0.554151597893659,0.794405123019885
0.235283606456839,0.00123323717568416,0,-0.000984274318069023,0.000324622629047866,-0.000291127838222812,-0,3.24117136675448,0.554328818474369,0.797101449275362
0.232810080575183,0.00121911028114031,0,0.00925747196233706,0.012581408943626,-0.000280553785283492,-0,3.23245431183694,0.553004808670194,0.797101449275362
0.232806497502647,0.00125874128680422,0,0.00488045284196348,0.00875717771953699,-0.000282122844892848,-0,3.26049301609763,0.553687971215961,0.797101449275362
